Grouped Term,Related Queries
Group_(1),[1]
Group_(2),[2]
Group_(3),[3]
Group_(4),[4]
Group_(5),[5]
Group_(6),[6]
Group_(7),[7]
Group_(8),[8]
Group_(9),[9]
Group_(10),[10]
Group_(11),[11]
Group_(12),[12]
Group_(13),[13]
Group_(14),[14]
Group_(15),[15]
Group_(16),[16]
Group_(17),[17]
Group_(18),[18]
Group_(19),[19]
Group_(20),[20]
Group_(21),[21]
Group_(22),[22]
Group_(23),[23]
Group_(24),[24]
Group_(25),[25]
Group_(26),[26]
Group_(27),[27]
Group_(28),[28]
Group_(29),[29]
Group_(30),[30]
Group_(31),[31]
Group_(32),[32]
Group_(33),[33]
Group_(34),[34]
Group_(35),[35]
Group_(36),[36]
Group_(37),[37]
Group_(38),[38]
Group_(39),[39]
Group_(40),[40]
Group_(41),[41]
Group_(42),[42]
Group_(43),[43]
Group_(44),[44]
Group_(45),[45]
Group_(46),[46]
Group_(47),[47]
Group_(48),[48]
Group_(49),[49]
Group_(50),[50]
Group_(51),[51]
Group_(52),[52]
Group_(53),[53]
Group_(54),[54]
Group_(55),[55]
Group_(56),[56]
Group_(57),[57]
Group_(58),[58]
Group_(59),[59]
Group_(60),[60]
Group_(61),[61]
Group_(62),[62]
Group_(63),[63]
Group_(64),[64]
Group_(65),[65]
Group_(66),[66]
Group_(67),[67]
Group_(68),[68]
Group_(69),[69]
Group_(70),[70]
Group_(71),[71]
Group_(72),[72]
Group_(73),[73]
Group_(74),[74]
Group_(75),[75]
Group_(76),[76]
Group_(77),[77]
Group_(78),[78]
Group_(79),[79]
Group_(80),[80]
Group_(81),[81]
Group_(82),[82]
Group_(83),[83]
Group_(84),[84]
Group_(85),[85]
Group_(86),[86]
Group_(87),[87]
Group_(88),[88]
Group_(89),[89]
Group_(90),[90]
Group_(91),[91]
Group_(92),[92]
Group_(93),[93]
Group_(94),[94]
Group_(95),[95]
Group_(96),[96]
Group_(97),[97]
Group_(98),[98]
Group_(99),[99]
Group_(100),[100]
Group_(101),[101]
Group_(102),[102]
Group_(103),[103]
Group_(104),[104]
Group_(105),[105]
Group_(106),[106]
Group_(107),[107]
Group_(108),[108]
Group_(109),[109]
Group_(110),[110]
Group_(111),[111]
Group_(112),[112]
Group_(113),[113]
Group_(114),[114]
Group_(115),[115]
Group_(116),[116]
Group_(117),[117]
Group_(118),[118]
Group_(119),[119]
Group_(120),[120]
Group_(121),[121]
Group_(122),[122]
Group_(123),[123]
Group_(124),[124]
Group_(125),[125]
Group_(126),[126]
Group_(127),[127]
Group_(128),[128]
Group_(129),[129]
Group_(130),[130]
Group_(131),[131]
Group_(132),[132]
Group_(133),[133]
Group_(134),[134]
Group_(135),[135]
Group_(136),[136]
Group_(137),[137]
Group_(138),[138]
Group_(139),[139]
Group_(140),[140]
Group_(141),[141]
Group_(142),[142]
Group_(143),[143]
Group_(144),[144]
Group_(145),[145]
Group_(146),[146]
Group_(147),[147]
Group_(148),[148]
Group_(149),[149]
Group_(150),[150]
Group_(151),[151]
Group_(152),[152]
Group_(153),[153]
Group_(154),[154]
Group_(155),[155]
Group_(156),[156]
Group_(157),[157]
Group_(158),[158]
Group_(159),[159]
Group_(160),[160]
Group_(161),[161]
Group_(162),[162]
Group_(163),[163]
Group_(164),[164]
Group_(165),[165]
Group_(166),[166]
Group_(167),[167]
Group_(168),[168]
Group_(169),[169]
Group_(170),[170]
Group_(171),[171]
Group_(172),[172]
Group_(173),[173]
Group_(174),[174]
Group_(175),[175]
Group_(176),[176]
Group_(177),[177]
Group_(178),[178]
Group_(179),[179]
Group_(180),[180]
Group_(181),[181]
Group_(182),[182]
Group_(183),[183]
Group_(184),[184]
Group_(185),[185]
Group_(186),[186]
Group_(187),[187]
Group_(188),[188]
Group_(189),[189]
Group_(190),[190]
Group_(191),[191]
Group_(192),[192]
Group_(193),[193]
Group_(194),[194]
Group_(195),[195]
Group_(196),[196]
Group_(197),[197]
Group_(198),[198]
Group_(199),[199]
Group_(200),[200]
Group_(201),[201]
Group_(202),[202]
Group_(203),[203]
Group_(204),[204]
Group_(205),[205]
Group_(206),[206]
Group_(207),[207]
Group_(208),[208]
Group_(209),[209]
Group_(210),[210]
Group_(211),[211]
Group_(212),[212]
Group_(213),[213]
Group_(214),[214]
Group_(215),[215]
Group_(216),[216]
Group_(217),[217]
Group_(218),[218]
Group_(219),[219]
Group_(220),[220]
Group_(221),[221]
Group_(222),[222]
Group_(223),[223]
Group_(224),[224]
Group_(225),[225]
Group_(226),[226]
Group_(227),[227]
Group_(228),[228]
Group_(229),[229]
Group_(230),[230]
Group_(231),[231]
Group_(232),[232]
Group_(233),[233]
Group_(234),[234]
Group_(235),[235]
Group_(236),[236]
Group_(237),[237]
Group_(238),[238]
Group_(239),[239]
Group_(240),[240]
Group_(241),[241]
Group_(242),[242]
Group_(243),[243]
Group_(244),[244]
Group_(245),[245]
Group_(246),[246]
Group_(247),[247]
Group_(248),[248]
Group_(249),[249]
Group_(250),[250]
Group_(251),[251]
Group_(252),[252]
Group_(253),[253]
Group_(254),[254]
Group_(255),[255]
Group_(256),[256]
Group_(257),[257]
Group_(258),[258]
Group_(259),[259]
Group_(260),[260]
Group_(261),[261]
Group_(262),[262]
Group_(263),[263]
Group_(264),[264]
Group_(265),[265]
Group_(266),[266]
Group_(267),[267]
Group_(268),[268]
Group_(269),[269]
Group_(270),[270]
Group_(271),[271]
Group_(272),[272]
Group_(273),[273]
Group_(274),[274]
Group_(275),[275]
Group_(276),[276]
Group_(277),[277]
Group_(278),[278]
Group_(279),[279]
Group_(280),[280]
Group_(281),[281]
Group_(282),[282]
Group_(283),[283]
Group_(284),[284]
Group_(285),[285]
Group_(286),[286]
Group_(287),[287]
Group_(288),[288]
Group_(289),[289]
Group_(290),[290]
Group_(291),[291]
Group_(292),[292]
Group_(293),[293]
Group_(294),[294]
Group_(295),[295]
Group_(296),[296]
Group_(297),[297]
Group_(298),[298]
Group_(299),[299]
Group_(300),[300]
Group_(301),[301]
Group_(302),[302]
Group_(303),[303]
Group_(304),[304]
Group_(305),[305]
Group_(306),[306]
Group_(307),[307]
Group_(308),[308]
Group_(309),[309]
Group_(310),[310]
Group_(311),[311]
Group_(312),[312]
Group_(313),[313]
Group_(314),[314]
Group_(315),[315]
Group_(316),[316]
Group_(317),[317]
Group_(318),[318]
Group_(319),[319]
Group_(320),[320]
Group_(321),[321]
Group_(322),[322]
Group_(323),[323]
Group_(324),[324]
Group_(325),[325]
Group_(326),[326]
Group_(327),[327]
Group_(328),[328]
Group_(329),[329]
Group_(330),[330]
Group_(331),[331]
Group_(332),[332]
Group_(333),[333]
Group_(334),[334]
Group_(335),[335]
Group_(336),[336]
Group_(337),[337]
Group_(338),[338]
Group_(339),[339]
Group_(340),[340]
Group_(341),[341]
Group_(342),[342]
Group_(343),[343]
Group_(344),[344]
Group_(345),[345]
Group_(346),[346]
Group_(347),[347]
Group_(348),[348]
Group_(349),[349]
Group_(350),[350]
Group_(351),[351]
Group_(352),[352]
Group_(353),[353]
Group_(354),[354]
Group_(355),[355]
Group_(356),[356]
Group_(357),[357]
Group_(358),[358]
Group_(359),[359]
Group_(360),[360]
Group_(361),[361]
Group_(362),[362]
Group_(363),[363]
Group_(364),[364]
Group_(365),[365]
Group_(366),[366]
Group_(367),[367]
Group_(368),[368]
Group_(369),[369]
Group_(370),[370]
Group_(371),[371]
Group_(372),[372]
Group_(373),[373]
Group_(374),[374]
Group_(375),[375]
Group_(376),[376]
Group_(377),[377]
Group_(378),[378]
Group_(379),[379]
Group_(380),[380]
Group_(381),[381]
Group_(382),[382]
Group_(383),[383]
Group_(384),[384]
Group_(385),[385]
Group_(386),[386]
Group_(387),[387]
Group_(388),[388]
Group_(389),[389]
Group_(390),[390]
Group_(391),[391]
Group_(392),[392]
Group_(393),[393]
Group_(394),[394]
Group_(395),[395]
Group_(396),[396]
Group_(397),[397]
Group_(398),[398]
Group_(399),[399]
Group_(400),[400]
Group_(401),[401]
Group_(402),[402]
Group_(403),[403]
Group_(404),[404]
Group_(405),[405]
Group_(406),[406]
Group_(407),[407]
Group_(408),[408]
Group_(409),[409]
Group_(410),[410]
Group_(411),[411]
Group_(412),[412]
Group_(413),[413]
Group_(414),[414]
Group_(415),[415]
Group_(416),[416]
Group_(417),[417]
Group_(418),[418]
Group_(419),[419]
Group_(420),[420]
Group_(421),[421]
Group_(422),[422]
Group_(423),[423]
Group_(424),[424]
Group_(425),[425]
Group_(426),[426]
Group_(427),[427]
Group_(428),[428]
Group_(429),[429]
Group_(430),[430]
Group_(431),[431]
Group_(432),[432]
Group_(433),[433]
Group_(434),[434]
Group_(435),[435]
Group_(436),[436]
Group_(437),[437]
Group_(438),[438]
Group_(439),[439]
Group_(440),[440]
Group_(441),[441]
Group_(442),[442]
Group_(443),[443]
Group_(444),[444]
Group_(445),[445]
Group_(446),[446]
Group_(447),[447]
Group_(448),[448]
Group_(449),[449]
Group_(450),[450]
Group_(451),[451]
Group_(452),[452]
Group_(453),[453]
Group_(454),[454]
Group_(455),[455]
Group_(456),[456]
Group_(457),[457]
Group_(458),[458]
Group_(459),[459]
Group_(460),[460]
Group_(461),[461]
Group_(462),[462]
Group_(463),[463]
Group_(464),[464]
Group_(465),[465]
Group_(466),[466]
Group_(467),[467]
Group_(468),[468]
Group_(469),[469]
Group_(470),[470]
Group_(471),[471]
Group_(472),[472]
Group_(473),[473]
Group_(474),[474]
Group_(475),[475]
Group_(476),[476]
Group_(477),[477]
Group_(478),[478]
Group_(479),[479]
Group_(480),[480]
Group_(481),[481]
Group_(482),[482]
Group_(483),[483]
Group_(484),[484]
Group_(485),[485]
Group_(486),[486]
Group_(487),[487]
Group_(488),[488]
Group_(489),[489]
Group_(490),[490]
Group_(491),[491]
Group_(492),[492]
Group_(493),[493]
Group_(494),[494]
Group_(495),[495]
Group_(496),[496]
Group_(497),[497]
Group_(498),[498]
Group_(499),[499]
Group_(500),[500]
Group_(501),[501]
Group_(502),[502]
Group_(503),[503]
Group_(504),[504]
Group_(505),[505]
Group_(506),[506]
Group_(507),[507]
Group_(508),[508]
Group_(509),[509]
Group_(510),[510]
Group_(511),[511]
Group_(512),[512]
Group_(513),[513]
Group_(514),[514]
Group_(515),[515]
Group_(516),[516]
Group_(517),[517]
Group_(518),[518]
Group_(519),[519]
Group_(520),[520]
Group_(521),[521]
Group_(522),[522]
Group_(523),[523]
Group_(524),[524]
Group_(525),[525]
Group_(526),[526]
Group_(527),[527]
Group_(528),[528]
Group_(529),[529]
Group_(530),[530]
Group_(531),[531]
Group_(532),[532]
Group_(533),[533]
Group_(534),[534]
Group_(535),[535]
Group_(536),[536]
Group_(537),[537]
Group_(538),[538]
Group_(539),[539]
Group_(540),[540]
Group_(541),[541]
Group_(542),[542]
Group_(543),[543]
Group_(544),[544]
Group_(545),[545]
Group_(546),[546]
Group_(547),[547]
Group_(548),[548]
Group_(549),[549]
Group_(550),[550]
Group_(551),[551]
Group_(552),[552]
Group_(553),[553]
Group_(554),[554]
Group_(555),[555]
Group_(556),[556]
Group_(557),[557]
Group_(558),[558]
Group_(559),[559]
Group_(560),[560]
Group_(561),[561]
Group_(562),[562]
Group_(563),[563]
Group_(564),[564]
Group_(565),[565]
Group_(566),[566]
Group_(567),[567]
Group_(568),[568]
Group_(569),[569]
Group_(570),[570]
Group_(571),[571]
Group_(572),[572]
Group_(573),[573]
Group_(574),[574]
Group_(575),[575]
Group_(576),[576]
Group_(577),[577]
Group_(578),[578]
Group_(579),[579]
Group_(580),[580]
Group_(581),[581]
Group_(582),[582]
Group_(583),[583]
Group_(584),[584]
Group_(585),[585]
Group_(586),[586]
Group_(587),[587]
Group_(588),[588]
Group_(589),[589]
Group_(590),[590]
Group_(591),[591]
Group_(592),[592]
Group_(593),[593]
Group_(594),[594]
Group_(595),[595]
Group_(596),[596]
Group_(597),[597]
Group_(598),[598]
Group_(599),[599]
Group_(600),[600]
Group_(601),[601]
Group_(602),[602]
Group_(603),[603]
Group_(604),[604]
Group_(605),[605]
Group_(606),[606]
Group_(607),[607]
Group_(608),[608]
Group_(609),[609]
Group_(610),[610]
Group_(611),[611]
Group_(612),[612]
Group_(613),[613]
Group_(614),[614]
Group_(615),[615]
Group_(616),[616]
Group_(617),[617]
Group_(618),[618]
Group_(619),[619]
Group_(620),[620]
Group_(621),[621]
Group_(622),[622]
Group_(623),[623]
Group_(624),[624]
Group_(625),[625]
Group_(626),[626]
Group_(627),[627]
Group_(628),[628]
Group_(629),[629]
Group_(630),[630]
Group_(631),[631]
Group_(632),[632]
Group_(633),[633]
Group_(634),[634]
Group_(635),[635]
Group_(636),[636]
Group_(637),[637]
Group_(638),[638]
Group_(639),[639]
Group_(640),[640]
Group_(641),[641]
Group_(642),[642]
Group_(643),[643]
Group_(644),[644]
Group_(645),[645]
Group_(646),[646]
Group_(647),[647]
Group_(648),[648]
Group_(649),[649]
Group_(650),[650]
Group_(651),[651]
Group_(652),[652]
Group_(653),[653]
Group_(654),[654]
Group_(655),[655]
Group_(656),[656]
Group_(657),[657]
Group_(658),[658]
Group_(659),[659]
Group_(660),[660]
Group_(661),[661]
Group_(662),[662]
Group_(663),[663]
Group_(664),[664]
Group_(665),[665]
Group_(666),[666]
Group_(667),[667]
Group_(668),[668]
Group_(669),[669]
Group_(670),[670]
Group_(671),[671]
Group_(672),[672]
Group_(673),[673]
Group_(674),[674]
Group_(675),[675]
Group_(676),[676]
Group_(677),[677]
Group_(678),[678]
Group_(679),[679]
Group_(680),[680]
Group_(681),[681]
Group_(682),[682]
Group_(683),[683]
Group_(684),[684]
Group_(685),[685]
Group_(686),[686]
Group_(687),[687]
Group_(688),[688]
Group_(689),[689]
Group_(690),[690]
Group_(691),[691]
Group_(692),[692]
Group_(693),[693]
Group_(694),[694]
Group_(695),[695]
Group_(696),[696]
Group_(697),[697]
Group_(698),[698]
Group_(699),[699]
Group_(700),[700]
Group_(701),[701]
Group_(702),[702]
Group_(703),[703]
Group_(704),[704]
Group_(705),[705]
Group_(706),[706]
Group_(707),[707]
Group_(708),[708]
Group_(709),[709]
Group_(710),[710]
Group_(711),[711]
Group_(712),[712]
Group_(713),[713]
Group_(714),[714]
Group_(715),[715]
Group_(716),[716]
Group_(717),[717]
Group_(718),[718]
Group_(719),[719]
Group_(720),[720]
Group_(721),[721]
Group_(722),[722]
Group_(723),[723]
Group_(724),[724]
Group_(725),[725]
Group_(726),[726]
Group_(727),[727]
Group_(728),[728]
Group_(729),[729]
Group_(730),[730]
Group_(731),[731]
Group_(732),[732]
Group_(733),[733]
Group_(734),[734]
Group_(735),[735]
Group_(736),[736]
Group_(737),[737]
Group_(738),[738]
Group_(739),[739]
Group_(740),[740]
Group_(741),[741]
Group_(742),[742]
Group_(743),[743]
Group_(744),[744]
Group_(745),[745]
Group_(746),[746]
Group_(747),[747]
Group_(748),[748]
Group_(749),[749]
Group_(750),[750]
Group_(751),[751]
Group_(752),[752]
Group_(753),[753]
Group_(754),[754]
Group_(755),[755]
Group_(756),[756]
Group_(757),[757]
Group_(758),[758]
Group_(759),[759]
Group_(760),[760]
Group_(761),[761]
Group_(762),[762]
Group_(763),[763]
Group_(764),[764]
Group_(765),[765]
Group_(766),[766]
Group_(767),[767]
Group_(768),[768]
Group_(769),[769]
Group_(770),[770]
Group_(771),[771]
Group_(772),[772]
Group_(773),[773]
Group_(774),[774]
Group_(775),[775]
Group_(776),[776]
Group_(777),[777]
Group_(778),[778]
Group_(779),[779]
Group_(780),[780]
Group_(781),[781]
Group_(782),[782]
Group_(783),[783]
Group_(784),[784]
Group_(785),[785]
Group_(786),[786]
Group_(787),[787]
Group_(788),[788]
Group_(789),[789]
Group_(790),[790]
Group_(791),[791]
Group_(792),[792]
Group_(793),[793]
Group_(794),[794]
Group_(795),[795]
Group_(796),[796]
Group_(797),[797]
Group_(798),[798]
Group_(799),[799]
Group_(800),[800]
Group_(801),[801]
Group_(802),[802]
Group_(803),[803]
Group_(804),[804]
Group_(805),[805]
Group_(806),[806]
Group_(807),[807]
Group_(808),[808]
Group_(809),[809]
Group_(810),[810]
Group_(811),[811]
Group_(812),[812]
Group_(813),[813]
Group_(814),[814]
Group_(US),['US']
Group_(CA),['CA']
Group_(GB),['GB']
Group_(AU),['AU']
Group_(IN),['IN']
Group_(NG),['NG']
Group_(PH),['PH']
Group_(ZA),['ZA']
Group_(2004-03-01),"['2012-03-01', '2004-04-01', '2009-09-01', '2015-02-01', '2015-05-01', '2016-01-01', '2018-08-01', '2004-08-01', '2012-08-01', '2019-11-01', '2009-08-01', '2022-08-01', '2016-10-01', '2010-02-01', '2010-07-01', '2015-04-01', '2013-05-01', '2017-10-01', '2018-04-01', '2021-08-01', '2008-12-01', '2021-01-01', '2021-05-01', '2022-10-01', '2023-04-01', '2015-12-01', '2014-06-01', '2017-02-01', '2011-04-01', '2013-08-01', '2015-10-01', '2012-10-01', '2017-06-01', '2012-09-01', '2021-04-01', '2023-01-01', '2018-10-01', '2022-03-01', '2011-08-01', '2019-01-01', '2007-06-01', '2020-06-01', '2013-03-01', '2020-02-01', '2023-05-01', '2019-02-01', '2016-02-01', '2010-11-01', '2011-07-01', '2022-02-01', '2010-12-01', '2018-03-01', '2020-11-01', '2021-06-01', '2017-08-01', '2007-03-01', '2008-06-01', '2018-05-01', '2006-05-01', '2022-04-01', '2010-04-01', '2006-04-01', '2007-10-01', '2012-11-01', '2014-04-01', '2015-11-01', '2010-10-01', '2019-05-01', '2014-10-01', '2017-05-01', '2017-01-01', '2012-04-01', '2020-08-01', '2022-05-01', '2014-12-01', '2022-07-01', '2012-12-01', '2007-05-01', '2018-12-01', '2009-11-01', '2018-11-01', '2011-06-01', '2005-04-01', '2020-04-01', '2013-04-01', '2020-03-01', '2008-03-01', '2021-10-01', '2015-01-01', '2019-09-01', '2022-12-01', '2008-04-01', '2018-06-01', '2019-06-01', '2009-12-01', '2016-03-01', '2008-09-01', '2014-09-01', '2023-02-01', '2014-05-01', '2014-11-01', '2017-07-01', '2006-09-01', '2012-05-01', '2011-12-01', '2018-01-01', '2009-10-01', '2012-06-01', '2017-04-01', '2011-05-01', '2017-03-01', '2019-04-01', '2015-09-01', '2008-11-01', '2021-02-01', '2011-03-01', '2011-09-01', '2012-07-01', '2019-12-01', '2020-10-01', '2022-06-01', '2007-12-01', '2013-10-01', '2009-06-01', '2010-03-01', '2016-09-01', '2018-07-01', '2019-10-01', '2010-08-01', '2022-01-01', '2020-05-01', '2009-05-01', '2009-04-01', '2008-10-01', '2013-09-01', '2016-06-01', '2016-08-01', '2018-02-01', '2007-04-01', '2014-03-01', '2011-02-01', '2016-11-01', '2016-12-01', '2020-12-01', '2014-08-01', '2019-08-01', '2008-05-01', '2020-07-01', '2017-09-01', '2005-09-01', '2012-02-01', '2008-08-01', '2013-11-01', '2020-09-01', '2022-11-01', '2022-09-01', '2014-07-01', '2021-11-01', '2017-11-01', '2019-07-01', '2007-11-01', '2010-09-01', '2010-05-01', '2015-08-01', '2018-09-01', '2009-03-01', '2013-12-01', '2013-02-01', '2013-07-01', '2011-11-01', '2016-04-01', '2014-02-01', '2015-07-01', '2015-03-01', '2016-05-01', '2021-09-01', '2021-07-01', '2021-03-01', '2011-10-01', '2007-08-01', '2004-03-01', '2013-06-01', '2015-06-01', '2021-12-01', '2017-12-01', '2019-03-01', '2016-07-01', '2023-03-01']"
Group_(2004-12-01),"['2006-12-01', '2004-12-01']"
Group_(2005-11-01),"['2005-11-01', '2006-11-01']"
Group_(2006-02-01),"['2009-02-01', '2008-02-01', '2007-02-01', '2010-02-01', '2006-02-01']"
Group_(2007-01-01),"['2012-01-01', '2010-01-01', '2007-01-01', '2015-01-01', '2020-01-01', '2011-01-01', '2013-01-01', '2009-01-01', '2014-01-01']"
Group_(third wave feminism),['third wave feminism']
Group_(vatican feminism),['vatican feminism']
Group_(liberal feminism),"['liberal feminism', 'neoliberal feminism']"
Group_(ladies against feminism),['ladies against feminism']
Group_(black feminism),['black feminism']
Group_(second wave feminism),"['meaning of feminism in hindi', 'when did feminism start', 'what is radical feminism', 'how to fix feminism', 'in india the pioneer of liberal feminism was', 'toxic feminism meaning in tamil', 'i am a female and i am so over feminism', 'who is the proponent of the term general will', 'feminine meaning in hindi', 'first wave feminism', 'what is the purpose of “ain’t i a woman?,” given its cultural context? to change how men talk to african american women to influence the abolitionist and women’s rights movements to use only emotions to prove points about freedom and feminism to convince the abolitionist and women’s rights movements not to cooperate', 'fake feminism meaning in hindi', 'feminism meaning in telugu', 'feminism word of the year', 'beauty and the beast feminism', 'what is a feminist', 'what is the main contention of radical feminism', 'what is second wave feminism', 'civil rights movement', 'the flipside of feminism', 'feminism in the 1960s', 'when did women get the right to vote', 'how did the second wave of feminism affect society', 'the true idea of feminism', 'fake feminism meaning in english', 'second wave feminism', 'civil rights act of 1964', 'who is known as the grandmother of british feminism', 'the second wave of feminism differed from the first wave', 'feminism meaning in kannada', 'briefly trace the history of western feminism', 'feminism is the radical notion', 'history of feminism']"
Group_(feminism definition),"['feminism definition', 'feminist definition']"
Group_(islamic feminism),['islamic feminism']
Group_(full frontal feminism),['full frontal feminism']
Group_(radical feminism),['radical feminism']
Group_(nan),[nan]
Group_(what is feminism),"['meaning of feminism in hindi', 'feminism is for everybody pdf', 'bell hooks feminism is for everybody', 'feminism meaning in urdu', 'what is feminist', 'toxic feminism meaning in hindi', 'feminism meaning', 'fake feminism in hindi', 'toxic feminism meaning in tamil', 'feminism meaning in english', 'feminine meaning in hindi', 'the coronavirus is a disaster for feminism', 'what is feminism', 'fake feminism quotes in english', 'fake feminism meaning in hindi', 'opposite of feminism', 'what is the meaning of feminism', 'feminism meaning in tamil', 'feminist meaning in marathi', 'feminism meaning in telugu', 'what is a feminist', 'whats a feminist', 'feminism meaning in marathi', 'feminist meaning in malayalam', 'what is the opposite of feminism', 'bell hooks', 'feminist meaning', 'feminist meaning in english', 'feminism meaning in malayalam', 'feminism is for everybody', 'feminism meaning in gujarati', 'feminism opposite', 'feminism meaning in bengali', 'feminist meaning in hindi', 'feminism meaning in kannada', 'feminine meaning', 'feminism is the radical notion', 'feminism in english literature']"
Group_(feminism quotes),"['quotes on feminism', 'feminism quote', 'feminism quotes', 'feminist quotes']"
Group_(post feminism),"['feminism poster', 'post feminism']"
Group_(feminism in australia),['feminism in australia']
Group_(sarah palin breasts feminism),"['sarah palin breasts feminism', 'sarah palin saves feminism']"
Group_(lesbian feminism),['lesbian feminism']
Group_(feminism in india),['feminism in india']
Group_(feminism meaning),"['meaning of feminism in hindi', 'feminism meaning in punjabi', 'feminism meaning', 'feminism meaning in hindi', 'feminism meaning in english', 'feminine meaning in hindi', 'fake feminism meaning in hindi', 'feminism meaning in tamil', 'feminism meaning in telugu', 'feminism meaning in marathi', 'feminism in literature', 'pseudo feminism meaning', 'feminist meaning', 'feminist meaning in english', 'feminist meaning in tamil', 'feminism meaning in malayalam', 'feminism in english literature', 'hindi meaning of feminism', 'feminism meaning in bengali', 'pseudo feminism meaning in hindi', 'feminism in tamil', 'feminist meaning in hindi', 'feminism meaning in kannada', 'feminine meaning', 'feminism in hindi']"
Group_(thatcher feminism),['thatcher feminism']
Group_(lesbian feminism photos),['lesbian feminism photos']
Group_(women against feminism),['women against feminism']
Group_(intersectional feminism),['intersectional feminism']
Group_(feminist theory),"['feminism theory', 'feminist theory']"
Group_(sex robot feminism),['sex robot feminism']
Group_(fascism),['fascism']
Group_(feminism in nigeria),['feminism in nigeria']
Group_(types of feminism),"['types of feminism', 'different types of feminism']"
Group_(bell hooks),"['bell hooks', 'bell hooks feminism', 'bell hooks feminism is for everybody', 'feminism is for everybody']"
Group_(taylor swift),"['taylor swift white feminism', 'taylor swift']"
Group_(explain how african feminism can help you to implement equal opportunities for male and female),"['what does feminism mean to you', 'explain how african feminism can help you to implement equal opportunities for male and female', 'what does feminism mean today', 'would you rather your child had feminism or cancer', 'explain how african feminism can help you to implement equal opportunities for male and female teachers at your school', 'explain how african feminism can help you to implement equal opportunities for male and female teachers at your school.', 'would you rather your child have feminism or cancer']"
Group_(history of feminism),"['feminism history', 'history of feminism']"
Group_(anti feminism),"['anti feminism', 'anti feminist']"
Group_(feminism movement),"['feminism movement', 'feminist movement']"
Group_(forced feminism story),['forced feminism story']
Group_(marxist feminism),['marxist feminism']
Group_(feminism in london),"['feminism in london', 'feminism in london conference', 'feminism in london 2013']"
Group_(lesbian vampire killers),['lesbian vampire killers']
Group_(first wave feminism),['first wave feminism']
Group_(letsbuy),['letsbuy']
Group_(love joy feminism),['love joy feminism']
Group_(sex positive feminism),['sex positive feminism']
Group_(shailene woodley),"['shailene woodley feminism', 'shailene woodley']"
Group_(emma watson),"['emma watson feminism speech', 'emma watson beyonce feminism', 'emma watson', 'emma watson feminism', 'emma watson speech', 'emma watson feminism quotes', 'ano ang ibig sabihin ng feminism ayon kay emma watson', 'ano ang papel ng mga lalaki sa feminism ayon kay emma watson', 'ano ang papel ng mga lalaki sa feminism', 'ano ang papel ng mga lalaki sa feminism ayon kay emma watson mahalaga ba ang kanilang gampanin bakit']"
Group_(mad max feminism),"['mad max fury road', 'mad max fury road feminism', 'mad max', 'mad max feminism']"
Group_(everyday feminism),['everyday feminism']
Group_(feminism in hindi),"['feminism meaning hindi', 'feminism meaning in hindi', 'feminism in hindi']"
Group_(marxism),['marxism']
Group_(no nut november feminism),['no nut november feminism']
Group_(this is modern feminism talking),['this is modern feminism talking']
Group_(black lives matter),['black lives matter']
Group_(african feminism),['african feminism']
Group_(kate chopin),['kate chopin']
Group_(feminism today),['feminism today']
Group_(social feminism),"['social feminism', 'socialist feminism']"
Group_(cats against feminism),"['cats against feminism', 'confused cats against feminism']"
Group_(feminism sociology),"['feminism sociology', 'feminism in sociology']"
Group_(feminism in the philippines),"['feminism in the philippines', 'feminism in the 1960s']"
Group_(cash advance),['cash advance']
Group_(feminism approach),"['feminist approach', 'feminism approach']"
Group_(margaret thatcher feminism),"['margaret thatcher', 'margaret thatcher feminism quotes', 'margaret thatcher feminism']"
Group_(i need feminism because),"['i dont need feminism', 'i need feminism because']"
Group_(lana del rey feminism),"['lana del rey', 'lana del rey on feminism', 'lana del rey feminism']"
Group_(beyonce feminism),"['beyonce feminism', 'beyonce feminist']"
Group_(julie bishop feminism),['julie bishop feminism']
Group_(white feminism),['white feminism']
Group_(mark ruffalo feminism),['mark ruffalo feminism']
Group_(feminism in literature),['feminism in literature']
Group_(women),['women']
Group_(lesbian),['lesbian']
Group_(waves of feminism),"['waves of feminism', 'waves of feminism timeline']"
Group_(fourth wave feminism),['fourth wave feminism']
Group_(socialism),['socialism']
Group_(formalism),['formalism']
Group_(similarities of anarchism and feminism brainly),"['similarities of fascism and socialism', 'anarchism and feminism similarities brainly', 'the flipside of feminism', 'beauty and the beast feminism', 'discuss the work of max van manen and shaun gallagher', 'similarities of anarchism and feminism brainly', 'similarities of anarchism and feminism']"
Group_(feminism essay),"['feminism essay', 'essay on feminism']"
Group_(modern feminism),['modern feminism']
Group_(vaccine),['vaccine']
Group_(adam bandt),['adam bandt']
Group_(do me feminism),['do me feminism']
Group_(eco feminism),"['ecofeminism', 'eco feminism']"
Group_(feminist history),['feminist history']
Group_(cultural feminism),['cultural feminism']
Group_(feminism is for everybody),"['feminism is for everybody pdf', 'feminism is for everybody']"
Group_(germaine greer),['germaine greer']
Group_(beyonce),['beyonce']
Group_(against feminism),['against feminism']
Group_(feminine meaning),['feminine meaning']
Group_(captain marvel feminism),['captain marvel feminism']
Group_(what is a feminist),['what is a feminist']
Group_(liberalism),['liberalism']
Group_(pseudo),['pseudo']
Group_(hood feminism),['hood feminism']
Group_(testicular feminism syndrome),['testicular feminism syndrome']
Group_(patriarchy),['patriarchy']
Group_(ano ang feminism),['ano ang feminism']
Group_(should i get vaccinated),['should i get vaccinated']
Group_(example of feminism),['example of feminism']
Group_(feminism examples),['feminism examples']
Group_(toxic feminism),['toxic feminism']
Group_(forced feminism),['forced feminism']
Group_(ontd feminism),['ontd feminism']
Group_(fema),['fema']
Group_(new feminism),"['feminism news', 'neo feminism', 'new feminism']"
Group_(feminism is cancer),"['milo yiannopoulos', 'milo yiannopoulos feminism is cancer', 'feminism is cancer shirt', 'milo yiannopoulos feminism', 'feminism is cancer', 'feminism is cancer vine']"
Group_(what feminism has achieved),['what feminism has achieved']
Group_(dominic raab feminism),['dominic raab feminism']
Group_(fake feminism),['fake feminism']
Group_(pseudo feminism),['pseudo feminism']
Group_(characteristics of feminism),['characteristics of feminism']
Group_(gender critical feminism),['gender critical feminism']
Group_(net zero),['net zero']
Group_(conservatism),['conservatism']
Group_(toxic feminism meaning),['toxic feminism meaning']
Group_(betty friedan),['betty friedan']
Group_(fifty shades of feminism),"['50 shades of grey feminism', 'fifty shades of feminism']"
Group_(cis feminism),['cis feminism']
Group_(love island feminism),['love island feminism']
Group_(functionalism),['functionalism']
Group_(feminist criticism),['feminist criticism']
Group_(marxist criticism),['marxist criticism']
Group_(paraphrasing tool),['paraphrasing tool']
Group_(1619 project),['1619 project']
Group_(sex positions to conceive a baby boy),['sex positions to conceive a baby boy']
Group_(feminist ryan gosling),"['ryan gosling feminism', 'feminist ryan gosling']"
Group_(feminism video),['feminism video']
Group_(hood feminism book),['hood feminism book']
Group_(feminism is no longer brainly),['feminism is no longer brainly']
Group_(feminism in tagalog),['feminism in tagalog']
Group_(cash loan),['cash loan']
Group_(who needs feminism),['who needs feminism']
Group_(feminism little girls),['feminism little girls']
Group_(kaley cuoco),"['kaley cuoco feminism', 'kaley cuoco']"
Group_(milo),['milo']
Group_(radical feminism meaning),['radical feminism meaning']
Group_(glitch feminism),['glitch feminism']
Group_(united australia party),['united australia party']
Group_(feminism pdf),['feminism pdf']
Group_(misandry),['misandry']
Group_(clinton feminism),['clinton feminism']
Group_(womens march),"['womens march signs', 'womens march posters', 'womens march']"
Group_(feminism statistics),['feminism statistics']
Group_(difference feminism),['difference feminism']
Group_(women empowerment),['women empowerment']
Group_(pseudo feminism meaning),"['pseudo feminism meaning', 'pseudo meaning']"
Group_(feminism interrupted),['feminism interrupted']
Group_(delhi feminism case),"['delhi cases fake feminism', 'delhi fake feminism case', 'delhi feminism case']"
Group_(suffrage),['suffrage']
Group_(data feminism),['data feminism']
Group_(renewable energy),['renewable energy']
Group_(egalitarian),['egalitarian']
Group_(postmodernism),['postmodernism']
Group_(feminism meme),"['feminist meme', 'feminist memes', 'feminism memes', 'feminism meme']"
Group_(obama feminism),['obama feminism']
Group_(opposite of feminism),"['feminism opposite', 'opposite of feminism', 'feminist opposite']"
Group_(terf feminism),['terf feminism']
Group_(postmodern feminism),['postmodern feminism']
Group_(neha dhupia feminism),"['neha dhupia feminism', 'neha dhupia', 'neha dhupia roadies feminism']"
Group_(aibu),['aibu']
Group_(feminism speech),"['speech on feminism', 'feminism speech']"
Group_(carceral feminism),['carceral feminism']
Group_(gender division of labour),['gender division of labour']
Group_(feminism ideology),['feminism ideology']
Group_(jezebel),['jezebel']
Group_(lily allen feminism),['lily allen feminism']
Group_(time feminism),['time feminism']
Group_(star wars feminism),['star wars feminism']
Group_(radical feminism definition),['radical feminism definition']
Group_(milo feminism),['milo feminism']
Group_(kamini roy),['kamini roy']
Group_(greens),['greens']
Group_(misogynist),"['misogynist', 'misogynistic']"
Group_(what is feminism definition),['what is feminism definition']
Group_(phyllis schlafly),['phyllis schlafly']
Group_(sexism),['sexism']
Group_(equal rights amendment),['equal rights amendment']
Group_(robert downey jr feminism),"['robert downey jr', 'robert downey jr feminism']"
Group_(ghostbusters feminism),['ghostbusters feminism']
Group_(hillary clinton),"['hillary clinton feminism', 'hillary clinton']"
Group_(feminism or cancer),['feminism or cancer']
Group_(feminism books),"['feminism books', 'books on feminism']"
Group_(wap),['wap']
Group_(patriarchy meaning),['patriarchy meaning']
Group_(trap feminism),['trap feminism']
Group_(what is liberal feminism),['what is liberal feminism']
Group_(gender equality),['gender equality']
Group_(nationalism),['nationalism']
Group_(feminism 101),['feminism 101']
Group_(big name in feminism),['big name in feminism']
Group_(f bombs for feminism),"['f bomb for feminism', 'f bombs for feminism', 'f-bombs for feminism']"
Group_(equality),['equality']
Group_(milo yiannopoulos feminism),"['milo yiannopoulos feminism', 'milo yiannopoulos']"
Group_(ruth bader ginsburg feminism),"['ruth bader ginsburg feminism', 'ruth bader ginsburg']"
Group_(narcissist meaning),"['narcissistic meaning', 'narcissist meaning']"
Group_(miley cyrus feminism),['miley cyrus feminism']
Group_(feminism symbol),['feminism symbol']
Group_(feminism thana),['feminism thana']
Group_(angela davis),['angela davis']
Group_(kraft philadelphia cream cheese shortage),['kraft philadelphia cream cheese shortage']
Group_(transnational feminism),['transnational feminism']
Group_(era),['era']
Group_(caitlin moran feminism smile),['caitlin moran feminism smile']
Group_(misogyny),['misogyny']
Group_(quotes about feminism),['quotes about feminism']
Group_(jordan peterson feminism),"['jordan peterson feminism', 'jordan peterson']"
Group_(when did feminism start),['when did feminism start']
Group_(structuralism),['structuralism']
Group_(mra feminism),['mra feminism']
Group_(feminism definition beyonce),['feminism definition beyonce']
Group_(when feminism is white supremacy in heels),"['when feminism is white supremacy in heels', 'what is white feminism']"
Group_(now),['now']
Group_(roe v wade),['roe v wade']
Group_(fake feminism rap hustle),['fake feminism rap hustle']
Group_(nepotism meaning),['nepotism meaning']
Group_(wap feminism),['wap feminism']
Group_(womanism vs feminism),['womanism vs feminism']
Group_(anarchism),['anarchism']
Group_(reader response approach),['reader response approach']
Group_(post modern feminism),['post modern feminism']
Group_(conservative feminism),['conservative feminism']
Group_(how feminism hurts men),['how feminism hurts men']
Group_(mra),['mra']
Group_(feminism is bullshit),['feminism is bullshit']
Group_(feminazi),['feminazi']
Group_(hugh hefner feminism),['hugh hefner feminism']
Group_(last jedi feminism),['last jedi feminism']
Group_(cesar chavez),['cesar chavez']
Group_(womanism),['womanism']
Group_(white feminism koa beck),"['white feminism koa beck', 'koa beck white feminism']"
Group_(andrew tate),['andrew tate']
Group_(communism),['communism']
Group_(the feminine mystique),"['the feminine mystique', 'feminine mystique']"
Group_(christian feminism),['christian feminism']
Group_(anarcha feminism),['anarcha feminism']
Group_(why feminism is stupid),"['feminism is stupid', 'why feminism is stupid', 'feminism is bad', 'why feminism is bad', 'why feminism is wrong']"
Group_(lauren southern feminism),['lauren southern feminism']
Group_(meninist),['meninist']
Group_(connie britton feminism),['connie britton feminism']
Group_(gloria steinem),['gloria steinem']
Group_(feminism signs),['feminism signs']
Group_(whats feminism),['whats feminism']
Group_(postcolonial feminism),['postcolonial feminism']
Group_(rbg quotes feminism),"['rbg quotes', 'rbg quotes feminism']"
Group_(books about feminism),['books about feminism']
Group_(stocks federal reserve),['stocks federal reserve']
Group_(abolition feminism now),"['abolition feminism now', 'abolition feminism']"
Group_(global feminism),['global feminism']
Group_(mary wollstonecraft),['mary wollstonecraft']
Group_(what is gender),['what is gender']
Group_(arvo part),['arvo part']
Group_(formalism approach),['formalism approach']
Group_(counterculture),['counterculture']
Group_(french feminism),['french feminism']
Group_(sexist),['sexist']
Group_(aziz ansari feminism),['aziz ansari feminism']
Group_(rowan blanchard),['rowan blanchard']
Group_(maternal feminism),['maternal feminism']
Group_(international womens day),"['international mens day', 'international womens day']"
Group_(gal gadot),['gal gadot']
Group_(advocacy),['advocacy']
Group_(susan b anthony),['susan b anthony']
Group_(sex negative feminism definition),['sex negative feminism definition']
Group_(materialist feminism),['materialist feminism']
Group_(blackish feminism episode),['blackish feminism episode']
Group_(doja cat),['doja cat']
Group_(fake feminism quotes),['fake feminism quotes']
Group_(american indian movement),['american indian movement']
Group_(capitalism),['capitalism']
Group_(narcissist),['narcissist']
Group_(egalitarianism),['egalitarianism']
Group_(egalitarian definition),['egalitarian definition']
Group_(humanism),['humanism']
Group_(poems about feminism),['poems about feminism']
Group_(maisie williams feminism),"['maisie williams feminism', 'maisie williams feminism speech']"
Group_(liberal feminism definition),['liberal feminism definition']
Group_(egalitarian vs feminism),['egalitarian vs feminism']
Group_(civil rights act of 1964),"['civil rights movement', 'civil rights act of 1964']"
Group_(title ix),['title ix']
Group_(sojourner truth),['sojourner truth']
Group_(brie larson),['brie larson']
Group_(19th amendment),['19th amendment']
Group_(lean in feminism),['lean in feminism']
Group_(patriarchy definition),['patriarchy definition']
Group_(what is toxic feminism),['what is toxic feminism']
Group_(choice feminism),['choice feminism']
Group_(lorde),['lorde']
Group_(frozen feminism),['frozen feminism']
Group_(simone de beauvoir),['simone de beauvoir']
Group_(nicki minaj feminism),['nicki minaj feminism']
Group_(feminism in america),['feminism in america']
Group_(gone girl feminism),['gone girl feminism']
Group_(meninism),['meninism']
Group_(chicana feminism),['chicana feminism']
Group_(why we need feminism),"['why do we need feminism', 'why we need feminism']"
Group_(mgtow),['mgtow']
Group_(mirror box feminism),['mirror box feminism']
Group_(trans exclusionary feminism),"['trans exclusionary feminism', 'trans exclusionary radical feminism']"
Group_(maya angelou),"['maya angelou quotes', 'maya angelou']"
Group_(chauvinism),['chauvinism']
Group_(counterculture definition),['counterculture definition']
Group_(miss usa 2017),['miss usa 2017']
Group_(lena dunham),['lena dunham']
Group_(ali wong feminism),['ali wong feminism']
Group_(why feminism sucks),['why feminism sucks']
Group_(feminism jokes),['feminism jokes']
Group_(bechdel test),['bechdel test']
Group_(manspreading feminism),['manspreading feminism']
Group_(avengers endgame feminism),['avengers endgame feminism']
Group_(pseudo feminism quotes),['pseudo feminism quotes']
Group_(omicron evades moderna vaccine),['omicron evades moderna vaccine']
Group_(misogynist meaning),['misogynist meaning']
Group_(millett feminism),['millett feminism']
Group_(feminism is queer),['feminism is queer']
Group_(vice feminism debate),['vice feminism debate']
Group_(oppression),['oppression']
Group_(perrie edwards feminism),['perrie edwards feminism']
Group_(joss whedon feminism),['joss whedon feminism']
Group_(lipstick feminism),['lipstick feminism']
Group_(bruce jenner feminism),['bruce jenner feminism']
Group_(post feminism definition),['post feminism definition']
Group_(bernie sanders feminism),['bernie sanders feminism']
Group_(breitbart feminism cancer),['breitbart feminism cancer']
Group_(ted talk feminism),['ted talk feminism']
Group_(seneca falls convention),['seneca falls convention']
Group_(elizabeth cady stanton),['elizabeth cady stanton']
Group_(alice paul),['alice paul']
Group_(prageru feminism),['prageru feminism']
Group_(modern day feminism),['modern day feminism']
Group_(toxic masculinity),['toxic masculinity']
Group_(feminism not even once),['feminism not even once']
Group_(misogyny meaning),['misogyny meaning']
Group_(military bah rates 2022),['military bah rates 2022']
Group_(concept of feminism),['concept of feminism']
Group_(kimberle crenshaw),['kimberle crenshaw']
Group_(what is trap feminism),['what is trap feminism']
Group_(what is black feminism),['what is black feminism']
Group_(articles on feminism),['articles on feminism']
Group_(chimamanda ngozi adichie),"['chimamanda ngozi adichie feminism', 'chimamanda ngozi adichie']"
Group_(rosie the riveter),['rosie the riveter']
Group_(multiracial feminism),['multiracial feminism']
Group_(maleficent feminism),['maleficent feminism']
Group_(he for she),['he for she']
Group_(malala yousafzai),['malala yousafzai']
Group_(beyonce feminism quote),['beyonce feminism quote']
Group_(rape culture),['rape culture']
Group_(intersexual feminism),['intersexual feminism']
Group_(feminism test 5 scale),['feminism test 5 scale']
Group_(ben shapiro on feminism),['ben shapiro on feminism']
Group_(modern feminism definition),['modern feminism definition']
Group_(molestation meaning),['molestation meaning']
Group_(mrs america),['mrs america']
Group_(feminism and international relations),['feminism and international relations']
Group_(deandre hopkins),['deandre hopkins']
Group_(abolitionist feminism),['abolitionist feminism']
Group_(unpaid labour),['unpaid labour']
Group_(flawless lyrics),['flawless lyrics']
Group_(fckh8 feminism),['fckh8 feminism']
Group_(feminism in japan),['feminism in japan']
Group_(amy poehler feminism),['amy poehler feminism']
Group_(feminism in frankenstein),['feminism in frankenstein']
Group_(arguments against feminism),['arguments against feminism']
Group_(domestic feminism),['domestic feminism']
Group_(feminism killed chivalry),['feminism killed chivalry']
Group_(extreme feminism),['extreme feminism']
Group_(wage gap myth),['wage gap myth']
Group_(plagiarism checker),['plagiarism checker']
Group_(describe movement and philosophies that link feminism with ecology),['describe movement and philosophies that link feminism with ecology']
Group_(write a note on anarchist feminism),['write a note on anarchist feminism']
Group_(5th wave feminism),['5th wave feminism']
Group_(is feminism still relevant),['is feminism still relevant']
Group_(meninist definition),['meninist definition']
Group_(advocacy definition),['advocacy definition']
Group_(contemporary feminism),['contemporary feminism']
Group_(trap feminism meaning),['trap feminism meaning']
Group_(feminism test),['feminism test']
Group_(cisgender),['cisgender']
Group_(intersection),['intersection']
Group_(hood feminism mikki kendall),"['mikki kendall', 'hood feminism mikki kendall']"
Group_(future feminism),['future feminism']
Group_(chivalry),['chivalry']
Group_(affirmative action),['affirmative action']
Group_(la raza unida),['la raza unida']
Group_(feminism article),['feminism article']
Group_(inclusive feminism),['inclusive feminism']
Group_(hypocrisy meaning),['hypocrisy meaning']
Group_(feminism against progress),['feminism against progress']
Group_(racism),['racism']
Group_(songs about feminism),['songs about feminism']
Group_(fake feminism zomato),['fake feminism zomato']
Group_(feminism shirt),['feminism shirt']
Group_(i hate feminism),['i hate feminism']
Group_(feminism synonyms),['feminism synonyms']
Group_(how does feminism define power),['how does feminism define power']
Group_(strands of feminism),['strands of feminism']
Group_(feminism def),['feminism def']
Group_(feminism timeline),['feminism timeline']
Group_(sexism definition),['sexism definition']
